{
    "Gas Turbines Plants": {
        "a": 2.1285478711936743,
        "b": -170.48710601719247,
        "c": 13781.250000000002
    },
    "Gas Combined Cycle Plants": {
        "a": 7.633580849163262,
        "b": -204.19447092469073,
        "c": 8312.499999999998
    },
    "Crude Oil Combined Cycle Plants": {
        "a": 960.0000000000276,
        "b": -2768.0000000000223,
        "c": 9820.000000000004
    },
    "HFO Combined Cycle Plants": {
        "a": 325.00990883867854,
        "b": -1630.574712643667,
        "c": 10065.499999999996
    },
    "Crude Oil Powered Steam Turbines": {
        "a": 6.481481481481511,
        "b": -297.5000000000004,
        "c": 13781.25
    },
    "HFO Powered Steam Turbines": {
        "a": 4.9179619597941135,
        "b": -261.60115052732596,
        "c": 14043.75
    },
    "Diesel Generators": {
        "a": 21947.87379972629,
        "b": -19555.555555555697,
        "c": 13700.000000000007
    },
    "Diesel Powered Steam Turbines": {
        "a": 61.424886747865926,
        "b": -928.8364249578475,
        "c": 14175.000000000011
    },
    "Solar PV": {
        "a": 0.0,
        "b": 0.0,
        "c": 0.0
    },
    "Wind Farm": {
        "a": 0.0,
        "b": 0.0,
        "c": 0.0
    }
}